"(1, 1, 0, 0, 3, 0, 1, 0, 1, 0, 0, 0, 0, 0, 0, 0, 0, 0, 0, 0, 0, 0, 0, 0, 0, 0, 0, 0, 0, 0, 0, 0, 0, 0, 0, 0, 0, -1, 1, 0, 0, 0, 0, 0, 2, 0, 0, -1, 1, -1, 0, 0, 0, 0, 0, 0, 0, 0, 0, 0, 0, 2, 0, 0, 0, 0, 1, 0, 0, 3, 1, 0, 2, 0, 0, 0, 2, -2, 0, 0, -3, 0, 0, 0, 0, 0, 0, 0, 0, 0, 0, 0, 0, 0, 0, 0, 0, 0, 0, 0, 0, 0, -2, 0, 0, 0, 0, 0, 0, 0, 0, 0, 0, 0, 0, 0, 0, 0, 0, 0, 0, 0, 0, 0, 0, 0, 0, 0, 0, 0, -1, 0, 0, 0, 0, 1, 0, 0, 0, 0, 0, 0, 0, 0, 0, 0, 0, -1, -1, 0, 0, 0, 0, 0, -4, 0, 0, 0, 0, -2, 1, 0, 0, -2, 0, 0, 0, 0, 0, 0, 1, 1, 1, 0, 0, 3, 0, 1, 0, 0, 0, 1, 0, 0, 0, 0, 0, 0, 0, 0, 0, 0, 0, -1, -2, 0, 0, 0, -2, 0, -3, 0, 0, 0, 0, 0, 0, 0, 0, 1, 0, 0, 0, 0, 0, 0, 0, 0, 0, 0, 0, -1, -1, 0, 0, 0, 0, 0, -5, 0, 0, 0, 0, 0, 0, 0, 0, 0, 0, 0, 0, 0, 1, -1, 0, 0, 0, 0, 0, -1, 0, 0, 0, 0, 0, 0, 0, -1, 2, 0, 0, 0, 0, 0, 0, 0, 0, 0, 0, 0, 0, 0, 0, 0, 0, 0, 0, 0, 0, 0, 0, 0, 0, -1, 0, 0, -1, 0, -1, 0, 0, 0, 0, -1, 0, 0, 0, 0, 0, 0, 0, 0, 0, 0, 1, 0, 0, 0, 0, 3, 0, 0, 2, 0, -1, 0, 0, 0, 0, -1, 0, 0, -3, -1, 0, -2, -1, -1, 0, -2, 2, 0, 0, -2, -1, 0, 0, 0, 0, 0, 1, -2, 0, 0, 0, 0, 0, 0, 0, 0, 0, -1, -1, 0, 0, 0, 0, 0, -3, 0, 0, 0, 1, -2, 1, 1, 0, -2, -2, 0, 0, 0, 0, 0, 0, 0, 0, 0, 0, 0, 0, 0, 0, 2, 0, 0, 0, 0, 0, 0, 0, 0, 0, 0, 0, 0, 0, 0, 0, 0, 0, 0, 0, 0, 0, 0, 0, 0, 0, 0, 0, 0, 0, 0, 0, 0, 0, 0, 0, 0, -1, 0, 0, 1, 0, -1, 0, 0, 0, 0, 1, 0, 0, 0, 0, 0, 0, 0, 0, 0, 0, 0, -1, -1, 0, 0, 0, 0, 0, -4, 0, 0, 0, 0, -2, 0, 0, 0, -2, 0, 0, 0, 0, 0, 0, 0, 0, 0, 0, 0, 0, 0, -1, 0, 0, 4, 0, 0, 0, 0, 0, 0, 0, 0, 0, -1, 0, 0, 0, 0, 0, 0, 0, -1, 1)",3135,3134,3133,91,-1,-12,-1,4
"(-1, 0, 0, -1, -1, 0, 1, 0, 28, 0, -1, 0, 0, 0, 0, 0, 0, 0, 0, 0, 0, 0, 0, 0, 1, 1, 0, -1, 0, -26, 0, 0, 0, 0, 2, 0, 0, 0, -2, 0, 0, 0, 0, -5, -1, 0, 0, 0, 0, 0, 0, 0, 0, 0, 0, 0, 0, 0, 0, 0, -1, 0, 0, 1, 0, -17, 0, 0, -1, 0, 11, 0, 0, 0, 0, 0, 0, -7, 0, 5, 0, 0, 0, 0, 0, 0, 0, 0, 0, 0, 0, 0, 0, 0, 0, 0, 0, 0, 0, 0, 0, 0, 0, 0, 0, 0, 0, 0, 0, 0, 0, 0, 0, 0, 0, 0, 0, 0, 0, 0, 0, 0, 0, 0, 0, 0, 0, 0, 0, 0, 0, 0, 1, 0, -9, 0, 0, 0, 0, 0, 0, 7, 0, -1, 0, 0, 0, 0, 0, 0, 0, 0, 0, -2, 0, 0, 0, 0, 0, 0, 0, 0, 2, 0, 0, 0, 0, 0, -1, 0, 0, 0, 0, 0, 0, 1, 0, 0, 0, 0, 0, -28, 0, 0, 3, 2, 15, 0, 0, -2, 2, -2, -13, 0, -43, 0, 1, 0, -1, -2, -7, 0, 0, 0, 0, 0, 0, 0, 0, 0, 0, 0, 0, 0, 1, 0, 0, 0, 0, 0, 2, 0, 7, 0, 0, 0, 0, 0, 0, 0, 0, 0, 0, 0, 0, -1, 0, 0, 0, 0, 0, -2, 0, -2, 0, 0, 0, 0, 0, 0, -4, 0, 0, 2, -2, 4, 24, 0, 18, 0, -1, 0, 1, 2, 6, 2, -11, 0, -92, 0, 0, 0, 0, 0, -1, -4, 0, -12, 0, -121, -1, 0, 0, 0, -3, 0, 0, 0, 0, 0, 0, 0, 0, 0, 0, 0, 0, 0, 0, 0, 0, 0, 0, 0, 0, 0, 0, 0, 0, 0, 0, 1, 0, 0, 0, 0, 0, 0, 0, 0, 0, 0, 0, 0, 0, 0, 0, 0, 0, 0, 0, 0, 0, 0, 0, 0, 0, 0, -2, 0, 0, 0, 18, 0, 0, 0, 0, 3, 0, 0, 0, 0, -12, 0, 0, 0, 0, 0, 0, 0, 0, -6, 0, 6, 0, 0, 0, 0, 0, 0, 0, 0, 0, 0, 0, 0, 0, 0, 0, 0, 0, 0, 0, 0, 0, 0, 0, 0, 0, 0, 0, 0, 0, 0, 0, 0, 0, 0, 0, 0, 0, 0, 0, 1, 0, 0, 0, 0, 0, 0, 0, 0, 0, 0, 0, 0, 0, 0, 0, 0, 0, 0, 0, 0, 0, 1, 0, 0, 0, 0, 0, 1, 0, 1, 0, 0, 0, 0, 0, 0, 0, -1, 0, -1, 0, 0, 0, 0, 0, 0, 0, 0, 1, 0, 0, 0, 0, 0, 0, 0, 0, 0, 0, -76, 0, 0, 0, 0, 0, -1, 0, 0, -14, 0, -93, 0, 0, 0, 0, -2, 0, 0, -20, 0, 82, 0, 0, 0, 0, 1, 0, 36, 0, 0, -1)",4594,0,0,91,1,-5,-1,7
"(-1, 0, 0, -1, -1, 0, 1, 0, 14, 0, -1, 0, 0, 0, 0, 0, 0, 0, 0, 0, 0, 0, 0, 0, 1, 1, 0, -1, 0, -12, 0, 0, 0, 0, 2, 0, 0, 0, -2, 0, 0, 0, 0, -5, -1, 0, 0, 0, 0, 0, 0, 0, 0, 0, 0, 0, 0, 0, 0, 0, -1, 0, 0, 1, 0, -11, 0, 0, -1, 0, 7, 0, 0, 0, 0, 0, 0, -5, 0, 3, 0, 0, 0, 0, 0, 0, 0, 0, 0, 0, 0, 0, 0, 0, 0, 0, 0, 0, 0, 0, 0, 0, 0, 0, 0, 0, 0, 0, 0, 0, 0, 0, 0, 0, 0, 0, 0, 0, 0, 0, 0, 0, 0, 0, 0, 0, 0, 0, 0, 0, 0, 0, 1, 0, -5, 0, 0, 0, 0, 0, 0, 5, 0, 1, 0, 0, 0, 0, 0, 0, 0, 0, 0, -2, 0, 0, 0, 0, 0, 0, 0, 0, 2, 0, 0, 0, 0, 0, -1, 0, 0, 0, 0, 0, 0, 1, 0, 0, 0, 0, 0, -9, 0, 0, 3, 2, 8, 0, 0, -2, 2, -2, -1, 0, 4, 0, 1, 0, -1, -2, -5, 0, 0, 0, 0, 0, 0, 0, 0, 0, 0, 0, 0, 0, 1, 0, 0, 0, 0, 0, 2, 0, 7, 0, 0, 0, 0, 0, 0, 0, 0, 0, 0, 0, 0, -1, 0, 0, 0, 0, 0, -2, 0, -2, 0, 0, 0, 0, 0, 0, 3, 0, 0, 2, -2, 4, 12, 0, 28, 0, -1, 0, 1, 2, 4, 2, -11, 0, -35, 0, 0, 0, 0, 0, -1, -4, 0, -12, 0, -7, -1, 0, 0, 0, -3, 0, 0, 0, 0, 0, 0, 0, 0, 0, 0, 0, 0, 0, 0, 0, 0, 0, 0, 0, 0, 0, 0, 0, 0, 0, 0, 1, 0, 0, 0, 0, 0, 0, 0, 0, 0, 0, 0, 0, 0, 0, 0, 0, 0, 0, 0, 0, 0, 0, 0, 0, 0, 0, -2, 0, 0, 0, 12, 0, 0, 0, 0, 3, 0, 0, 0, 0, -8, 0, 0, 0, 0, 0, 0, 0, 0, -4, 0, 4, 0, 0, 0, 0, 0, 0, 0, 0, 0, 0, 0, 0, 0, 0, 0, 0, 0, 0, 0, 0, 0, 0, 0, 0, 0, 0, 0, 0, 0, 0, 0, 0, 0, 0, 0, 0, 0, 0, 0, 1, 0, 0, 0, 0, 0, 0, 0, 0, 0, 0, 0, 0, 0, 0, 0, 0, 0, 0, 0, 0, 0, 1, 0, 0, 0, 0, 0, 1, 0, 1, 0, 0, 0, 0, 0, 0, 0, -1, 0, -1, 0, 0, 0, 0, 0, 0, 0, 0, 1, 0, 0, 0, 0, 0, 0, 0, 0, 0, 0, -25, 0, 0, 0, 0, 0, -1, 0, 0, -5, 0, -34, 0, 0, 0, 0, -2, 0, 0, -9, 0, 29, 0, 0, 0, 0, 1, 0, 14, 0, 0, -1)",4596,4595,4594,91,1,-4,-1,5
"(-5/16, -5/8, 0, 0, 0, 0, 0, -5/16, 0, 205/384, 0, 0, 0, 0, 0, 385/768, 0, -75/128, 0, 0, 0, 0, 85/768, 0, 0, 0, 0, 0, 95/256, 0, 0, 0, 0, 0, 0, 0, 0, 0, 0, 0, 0, 0, 0, 0, 0, 0, -5/16, -5/4, 0, 0, 0, -25/768, -35/384, -5/128, 5/24, 0, 0, 0, 5/96, -15/256, 0, 0, 0, 0, -5/256, 0, 0, 0, 0, -25/768, 0, 0, 0, 0, 0, 0, 0, 0, -35/32, 0, 1625/1536, 5/128, -145/192, 0, 5/128, 0, 265/1536, 5/128, -365/192, 0, 0, 0, -145/768, -5/128, 0, 0, 0, -145/384, 0, 0, 0, 0, 0, 0, -65/768, 0, 865/384, 0, -595/384, 55/192, 0, 0, 0, 5/768, -15/256, 0, 0, 0, 155/1536, 0, 0, 0, 5/128, 0, 0, -295/1536, 0, 45/128, 0, -95/384, 0, 0, 0, 65/768, 0, 0, 0, 0, 0, 0, 0, 0, 85/64, 0, -1975/1536, 0, 0, 0, 0, 0, 0, 0, 0, 0, 0, 0, 0, 0, 0, 0, 0, 0, 0, 0, 0, 0, 0, 0, 0, 0, 0, 0, 0, 0, 0, 0, 0, 0, 5/128, 0, 0, 0, 0, 0, 0, 0, 0, 0, 0, 0, 0, 0, 0, 0, 0, 0, 0, 0, 0, 0, 0, 0, 0, 0, 0, 0, 5/128, 0, 0, 0, 0, 0, 0, 0, 0, 0, 0, 0, 25/128, 0, 0, 0, 0, 0, 0, 0, 0, 0, 0, 0, 0, 0, 0, 0, 0, 0, 0, 0, 0, -55/384, 0, 0, 0, 0, 0, 0, 0, 0, 0, 0, 0, 0, 0, 0, 0, 0, 0, 0, 0, 0, 0, 0, 0, 0, 0, 0, 0, 0, 0, 0, 0, 0, 0, 0, -5/384, 0, 0, 0, 0, 0, 0, 0, 0, 0, 95/256, 0, 0, 0, 0, 0, 5/192, 0, 0, 0, 0, 0, 0, 0, -5/6, 0, 0, 205/192, -5/128, 0, 0, 0, 0, 0, 0, 0, -95/96, 0, -305/384, 0, 0, 0, 0, 0, 0, 5/48, 0, 0, -5/128, 0, 0, 0, 0, 0, 0, 0, 0, -175/768, 0, -5/16, 0, 0, 0, 0, 0, 0, 0, 0, 0, 0, 0, 0, 0, 0, 0, 0, 0, 15/128, 0, 0, 0, 0, 0, 0, 0, 0, 0, 0, -5/16, 0, 5/16, 0, 0, 0, 5/384, -65/96, 0, 0, 0, 0, 0, -5/48, 0, 0, 245/1536, 35/192, 0, 0, 0, 0, 0, 0, 0, 5/6, 0, -35/768, 0, 0, 0, -335/768, 0, 0, 0, 0, 0, 0, 0, 0, 0, 0, 0, 0, 0, 75/256, 0, 0, 0, -5/16, -5/16, 0, 5/256, 0, 0, 0, -5/16, 0, 0, 0, 0, 0, -215/384, -5/16, 0, 0, 545/1536, -5/384, 0, 0, 0, 0, 0, 0, 0, -55/64, 0, -85/256, 0, 0, -25/384, 0, 0, 0, 25/128, 25/128, 0, 35/768, 0, 0, 0, 145/384, 0, -35/192, 0, 0, 0, 0, 0, 0, 25/128, 0, 0, 0, 0, 0, 0, 0, 0, 0, 0, 0, 0, 0, 0, 0, 0, 0, 0, 0, 0, 0, 0, 0, 0, 0, -5/128, 5/32, 0, 0, 0, 0, -75/128)",4751,4750,4749,91,-13125/32768,-11,-1,5
"(1, 1, 0, -1, 0, -1, 1, 1, 0, 0, 0, 0, 0, 0, 0, 0, 0, -1, 0, 0, 0, 0, 1, 0, 0, 0, 0, 0, 0, 0, 0, 0, 0, 0, 0, 0, 0, 0, 0, 0, 0, 0, 24, 0, 0, 0, 0, 0, 0, 0, -1, 0, 0, 1, 0, -5, 0, 2, -2, 0, 0, 0, 0, 0, 0, 0, 1, 0, 0, 0, 0, 0, 2, -1, -1, 0, 0, 0, -33, 0, 0, 0, 0, 0, 0, 0, 0, 0, 0, 0, 0, 0, 0, 0, 0, 0, 0, 0, 0, 0, 0, 0, 0, 0, 0, 0, 0, 0, 0, 0, 1, 0, 1, 0, 0, 0, 0, 0, 0, 0, 0, 1, 0, 0, 0, 0, 0, 4, 0, 0, 0, 0, 0, 0, 0, 0, 0, 0, 0, 0, 0, 0, 2, 0, 0, 0, 0, 0, 0, 0, 0, 0, -1, 0, 0, 0, 0, 0, -5, 0, 0, -1, 0, 0, -2, 1, 0, 0, 0, 0, 1, 2, 0, 1, 0, 20, 1, 0, -7, -1, 0, 0, 0, 0, 0, 0, 0, 0, 0, 1, 0, 0, 0, 0, 0, 0, 1, 0, -19, 0, 0, 0, 0, 0, 0, 0, 0, 0, 0, 0, 0, 0, 0, 0, 0, 0, 0, 0, 0, 0, 0, 0, 0, 0, 0, 0, -1, 0, 0, 0, 0, 0, -1, -2, 0, 1, 0, 0, 0, 0, 0, 2, -1, -1, 0, 0, 0, 24, 0, 0, 0, 0, 0, 0, 0, 0, 0, 0, 0, 0, 0, 0, 0, 0, 0, 0, 0, 0, 0, 0, 0, 0, 1, 0, 0, 0, 0, 0, -1, 0, 0, 1, 0, 0, 0, 0, 0, 0, 0, 1, 0, 0, 0, 0, 0, 0, 0, 0, 0, 0, 0, 0, 0, 0, 0, 0, 0, 0, 0, 0, 0, 0, 0, -1, 0, 0, 3, 2, -1, 1, 0, -1, -1, 0, 0, 12, -6, -1, 0, 0, 0, -30, 0, 2, 0, 0, 0, 0, 0, 0, 0, 0, 0, 0, 0, 0, 1, 0, 0, 0, 1, 2, 0, 0, 0, 0, 6, 0, 0, 0, 0, 0, 7, 1, 2, -1, 0, 0, 5, 0, 0, 0, 0, 0, 0, 0, 0, 0, 0, 0, 0, 0, 0, 0, 0, 0, 0, 0, 0, 0, 0, 0, 0, 0, 0, 0, 0, 0, 0, 0, 0, 0, 0, 0, 0, 0, 0, 0, 0, 0, 0, 0, 0, 0, 0, 0, 0, 0, 0, 0, 0, 0, 0, 0, 0, -1, 0, 0, 0, 0, 0, 0, 2, 1, 0, 0, 0, 2, 0, 0, 0, 1, 1, 0, 0, 0, 0, 2, 0, 0, 0, 0, 0, 9, 0, 2, 1, 0, 0, 1, 0, 0, 0, 0, 0, 0, 0, 1, 0, 0, 0, 0, 0, -1, 0, 0, 1, 0, 0, 0, 0, 0, 0, 6, 0, 0, 0, 0, 0, 1, 1, 0, 0, -7, 1)",5093,0,0,91,-1,-13,-1,7
"(1, 1, 0, -1, 0, -1, 1, 1, 0, 0, 0, 0, 0, 0, 0, 0, 0, -1, 0, 0, 0, 0, 1, 0, 0, 0, 0, 0, 0, 0, 0, 0, 0, 0, 0, 0, 0, 0, 0, 0, 0, 0, 13, 0, 0, 0, 0, 0, 0, 0, -1, 0, 0, 1, 0, -3, 0, 2, -2, 0, 0, 0, 0, 0, 0, 0, 1, 0, 0, 0, 0, 0, 2, -1, -1, 0, 0, 0, -13, 0, 0, 0, 0, 0, 0, 0, 0, 0, 0, 0, 0, 0, 0, 0, 0, 0, 0, 0, 0, 0, 0, 0, 0, 0, 0, 0, 0, 0, 0, 0, 1, 0, 1, 0, 0, 0, 0, 0, 0, 0, 0, 1, 0, 0, 0, 0, 0, 4, 0, 0, 0, 0, 0, 0, 0, 0, 0, 0, 0, 0, 0, 0, 2, 0, 0, 0, 0, 0, 0, 0, 0, 0, -1, 0, 0, 0, 0, 0, -3, 0, 0, -1, 0, 0, -2, 1, 0, 0, 0, 0, 1, 2, 0, 1, 0, 12, 1, 0, -7, -1, 0, 0, 0, 0, 0, 0, 0, 0, 0, 1, 0, 0, 0, 0, 0, 0, 1, 0, -8, 0, 0, 0, 0, 0, 0, 0, 0, 0, 0, 0, 0, 0, 0, 0, 0, 0, 0, 0, 0, 0, 0, 0, 0, 0, 0, 0, -1, 0, 0, 0, 0, 0, -1, -2, 0, 1, 0, 0, 0, 0, 0, 2, -1, -1, 0, 0, 0, 13, 0, 0, 0, 0, 0, 0, 0, 0, 0, 0, 0, 0, 0, 0, 0, 0, 0, 0, 0, 0, 0, 0, 0, 0, 1, 0, 0, 0, 0, 0, -1, 0, 0, 1, 0, 0, 0, 0, 0, 0, 0, 1, 0, 0, 0, 0, 0, 0, 0, 0, 0, 0, 0, 0, 0, 0, 0, 0, 0, 0, 0, 0, 0, 0, 0, -1, 0, 0, 3, 2, -1, 1, 0, -1, -1, 0, 0, 6, -2, -1, 0, 0, 0, -7, 0, 2, 0, 0, 0, 0, 0, 0, 0, 0, 0, 0, 0, 0, 1, 0, 0, 0, 1, 2, 0, 0, 0, 0, 4, 0, 0, 0, 0, 0, 7, 1, 2, -1, 0, 0, 3, 0, 0, 0, 0, 0, 0, 0, 0, 0, 0, 0, 0, 0, 0, 0, 0, 0, 0, 0, 0, 0, 0, 0, 0, 0, 0, 0, 0, 0, 0, 0, 0, 0, 0, 0, 0, 0, 0, 0, 0, 0, 0, 0, 0, 0, 0, 0, 0, 0, 0, 0, 0, 0, 0, 0, 0, -1, 0, 0, 0, 0, 0, 0, 2, 1, 0, 0, 0, 2, 0, 0, 0, 1, 1, 0, 0, 0, 0, 2, 0, 0, 0, 0, 0, 10, 0, 2, 1, 0, 0, 1, 0, 0, 0, 0, 0, 0, 0, 1, 0, 0, 0, 0, 0, -1, 0, 0, 1, 0, 0, 0, 0, 0, 0, 4, 0, 0, 0, 0, 0, 1, 1, 0, 0, -5, 1)",5095,5094,5093,91,-1,-13,-1,5
"(-1/2, 0, 0, 0, 0, 0, 0, 0, 0, 0, 0, -1/2, 1/2, 0, 0, -1/2, 0, 0, 0, 1, 0, 0, 0, 0, 0, 0, 0, 0, 0, 0, 0, 0, 0, 0, 0, 0, 0, 0, 0, 0, 0, 0, 0, 0, 0, 0, 0, 0, 1/2, 0, 0, 0, 0, 0, -1/2, 0, 0, 0, 0, 0, 0, 0, 0, 0, 0, 0, -1/2, 0, 1/2, 0, 0, 0, -1/2, 0, 0, 0, 0, 0, 0, 0, 0, 1/2, 1/2, 1/2, 0, 0, 0, -1/2, 1/2, -1/2, 0, 0, 0, 0, 0, 0, 0, 0, 0, 0, 0, -1/2, 0, 0, 1, 1/2, -1, 0, 0, 0, 0, 0, 0, 0, 0, 0, 0, 0, 0, 0, 1, 0, 0, 0, 0, 0, 0, -1/2, 0, 0, -1/2, 0, 0, 0, 1/2, 0, 0, 0, 0, 0, 0, 0, 0, 0, 0, 0, 0, 0, 0, 0, 0, 0, 0, 1/2, 0, 0, 0, 0, 0, 0, 0, 0, 0, 0, 0, 0, 1/2, -1/2, -1/2, 0, 0, 0, 1/2, 0, -1/2, 0, 0, 0, 0, 0, 0, 0, 0, 0, 0, 0, 0, 0, 0, 0, 0, -1/2, 0, 0, 0, 0, 0, 0, 1/2, 0, 1/2, 0, 0, -1/2, 0, 0, 0, 0, 0, 0, 0, 0, -1/2, 0, -1/2, 0, 0, 0, 0, 0, 0, 1/2, 0, 0, 0, 0, 0, 1/2, 0, 0, 0, 0, 0, 0, 0, -1/2, 0, 0, 1/2, 1/2, 0, 0, 0, 0, 0, 0, -1/2, 0, 0, 0, 0, 0, 0, 0, 0, 0, 0, 0, 0, 0, 0, 0, 0, 0, 0, 0, 0, 0, 0, 0, 0, 0, 0, 0, -1/2, 0, 0, 0, 0, 1/2, 0, 0, 0, 0, 0, 0, 0, -1/2, 0, 0, 0, 0, 0, 0, 0, 0, 0, 0, 0, 0, -1/2, 0, 0, 0, 0, -1/2, -1/2, 0, 0, 1/2, -1/2, 0, 0, 0, 0, 0, 0, 0, 0, -1/2, 0, 1, 0, -1/2, 0, -1/2, 0, 0, 0, 0, 0, 1/2, 0, 0, 0, 0, 0, 0, -1/2, 0, 0, 0, 0, 0, 0, 0, 0, 0, 0, 0, 0, -1/2, 0, 0, 0, 1/2, -1/2, 0, 0, 0, 0, 0, 0, 0, 1/2, -1/2, 0, -1/2, 0, 1, -1/2, 0, 0, 0, 0, 0, 0, 0, 0, 0, 0, 0, 0, 0, 0, 0, 1/2, -1/2, -1, 0, -1/2, 0, 0, 0, 1/2, 0, 0, 0, 0, 0, -1, 0, 0, 0, 0, 0, 0, 0, 0, 0, 0, 1/2, -1/2, 1/2, 0, 0, 0, 0, 0, 0, 0, 0, 0, 1/2, 0, 1/2, 0, 0, 0, -1/2, 0, 0, 0, 0, 0, 0, 0, 0, 0, -1/2, 0, 1/2, 0, 0, 0, 1/2, 0, 0, -1/2, 0, 0, 0, 0, -1/2, 0, -1/2, 0, 0, 0, 0, 0, 0, 0, 0, 0, 0, 0, 0, 1, 0, 0, 0, 0, 0, 0, 0, 0, 0, 0, 0, 0, 1/2, -1/2, 1/2, 0, 0, 0, -1/2, 1/2, 0, 0, -1/2, 0, -1/2, 1/2)",5410,5409,5408,91,-3/2,-156,-1,2
"(1, -1, -1, 0, 1, 0, 0, -1, 1, -1, 0, 0, 1, 0, 0, -1, 0, 1, 1, 1, 1, 0, -2, 4, 0, 0, 0, 0, -1, 1, 0, 0, 0, 0, 0, 0, 0, 0, -3, 1, 0, 0, -3, 1, 1, 0, 0, 0, 0, 0, 0, 0, 0, 0, 0, 0, 0, 0, 0, 0, 0, 0, 0, 0, 0, 0, 0, 0, 0, 0, 0, 0, 0, 0, -1, 0, 0, 0, 1, 1, 0, 0, 0, 0, 0, 0, 0, 0, 0, 0, 0, -1, 0, 0, 0, 0, 1, 0, 0, 0, 0, 0, 1, -1, 0, 0, 0, 0, 0, 0, -1, 0, 0, 1, 0, 0, 0, -1, 1, 0, 1, 0, 0, 1, 1, 1, 0, 1, 1, -3, 0, 0, 0, 0, 0, 0, 0, 0, 0, 1, 0, 0, 0, 0, -1, 0, 0, 0, 0, 0, 0, 0, 0, 0, 0, -1, 0, 0, 0, -1, 2, 1, 0, 0, -2, 0, 0, 0, 0, 0, 0, 0, 0, 0, 0, 0, 0, 0, 0, 0, 0, 2, 0, -1, -1, 0, 0, 0, 0, 0, 0, 0, -1, 0, 1, 0, 0, 0, 0, 0, 0, 0, 0, -1, 0, 0, 1, 0, 0, -1, 0, 0, 0, 0, -1, 0, 0, 0, 0, -1, 0, 0, 0, 0, 0, 0, 0, 1, 0, -1, 0, 0, 0, 0, 0, 1, 0, 1, 0, 0, 0, 0, -1, -1, 0, -1, 0, -1, 0, 1, 0, 0, 0, 0, 0, 0, 0, 0, 0, 0, -1, 0, -1, -1, 0, 0, 0, 0, 0, 0, 0, 0, 0, 1, 0, 0, 1, 0, -1, 1, -1, 0, -1, 0, 1, 0, 0, 0, 0, 0, 0, 0, 0, 0, 0, 0, 0, 0, 0, 0, 0, 0, 0, 0, 0, 0, 0, 0, 0, 0, 0, 0, 0, 0, 0, 0, 0, 0, 0, 0, 0, 0, 0, 0, 0, 0, 0, 0, 0, 0, 0, 0, 0, 0, 0, 0, 0, 0, 0, 0, 1, -1, 0, 0, 0, 0, 1, 0, 0, 0, 0, 0, 0, 0, 0, 0, 0, 0, 0, 0, 0, 0, 0, 0, 0, 0, 0, 0, 0, 0, 0, 0, 0, 0, 0, 0, 0, 0, 0, 0, 0, 0, 0, 0, 0, 0, 0, 0, 0, 0, 0, 0, 0, 0, 0, 0, 0, 2, 0, 0, 0, 0, 0, 0, 0, 0, 0, 0, 0, 0, 0, 0, 0, 0, 0, 0, 0, 0, -1, 0, 0, 0, 0, 0, 0, -1, 0, 0, 1, 0, 0, 0, 0, 0, 0, 0, 0, 0, 0, 0, 0, 0, 0, 0, 0, 0, 0, 1, 0, 0, 0, 0, 0, 0, 1, -1, 0, 0, 0, 1, 0, 0, 0, 0, 0, 0, 0, 0, 0, 0, 0, 0, 0, -1, 0, 0, 0, 0, 0, 1, 0, 0, 0, 0, 1, 0, 0, 0, 0, 0, 0, 1, 0, 0, 0)",5597,5596,5595,91,-1,-40,-1,2
"(1, 0, -1, 0, 0, 0, 0, 0, 0, 0, 0, 0, 2, -4, 0, 0, -1, 0, 0, -1, -1, 0, 0, -1, 11, 7, 9, 0, 0, -3, -25, -23, 0, 0, -24, 4, -1, 0, 11, 2, 0, 16, 0, -4, 5, 0, -1, 1, 0, 0, 0, 0, 0, 0, 0, 0, 0, 0, 0, 0, 4, 1, 2, 0, 0, 1, 1, 2, 0, 0, 1, -2, 0, 0, 0, 0, 1, 0, 0, 0, 0, 0, 0, 0, 0, 0, 0, 0, 0, -3, -9, 0, 0, -2, 15, 21, 0, 0, 14, 0, 0, 0, 0, 0, 0, 0, 0, 2, 0, 0, 1, 1, 0, 0, 1, -3, -3, 0, 0, -3, 0, 0, 0, 0, 0, 0, 0, 0, 0, 0, 0, 21, 0, 0, 6, 12, -1, 0, -4, -2, 0, -18, 0, 2, -3, -16, 3, 0, 0, 2, 0, 18, 0, -4, 1, 0, 0, 2, 0, 0, 0, 0, -2, 1, 0, 0, 0, 0, 0, 0, 0, 0, 0, 0, 0, 0, 0, 0, 0, 0, 0, 0, 0, 0, 0, 0, 0, 0, 0, 0, 0, 0, 0, 0, 0, 0, 0, 0, 0, 0, 0, 0, 0, 0, 0, 0, 0, 0, 0, 0, 0, 0, 0, 0, -1, -1, 0, 0, -1, 0, 0, 0, 0, 0, 0, 0, 0, 0, 0, 0, 0, 0, 0, 0, 0, 0, 0, 0, 0, 0, 0, 0, 0, 0, 0, 0, 0, 0, 0, 0, -1, 0, 0, 0, 0, 0, 0, 0, 0, 0, 0, 1, 0, 0, 0, 0, 0, 0, 0, 0, 0, 1, 0, 0, 0, 0, 0, -2, 0, 0, 0, 0, 0, 1, 0, 0, 0, 0, 0, 0, 0, 0, 0, 0, 0, 0, 0, 0, 0, 0, 0, 0, 0, 0, 0, 0, 0, 0, 0, 0, 0, 0, 0, 0, 0, 0, 0, 0, 0, 0, 0, 0, 0, 0, 0, 0, 0, 0, 0, 0, 0, 0, 0, 0, 0, 0, 0, 0, 0, 0, 0, 0, 0, 0, 0, 0, 0, 0, 0, 0, 0, 0, 0, 0, 0, 0, 0, 0, 0, 0, 0, 0, 0, 0, 0, 0, 0, 0, 0, 0, 0, 0, 0, 0, 0, 0, 0, 0, 0, 0, 0, 0, 0, 0, 0, 0, 0, 0, 0, 0, 1, 1, 0, 0, 1, 0, 0, 0, 0, 0, 0, 0, 0, 0, 0, 0, 0, 0, 0, 0, 0, 0, 0, 0, 0, 0, 0, 0, 0, 0, 0, 0, 0, 0, 0, 1, 1, 0, 0, 1, 0, 0, 0, 0, 0, 0, 0, 0, 0, 0, 0, 0, 0, 0, 0, 0, 0, 0, 0, 0, 0, 0, 0, 0, 0, 0, 0, 0, 0, 0, 2, 1, 0, -3, 0, 0, -4, 0, 0, -1, 0, -1, 0, 0, 0, 0, 0, 1, 0, 0, 0, 5, -6, 0, 0, 0, 0, 1, 4, 0, 0, -2, 0, 0, -1)",5831,5830,5829,91,-1,3,-1,5
"(1/2, 0, 0, 0, 0, 0, 0, 0, 0, 0, 0, 0, 1/2, -1/2, -1/2, 0, 0, -1/2, 1/2, 0, 0, 0, 0, 1/2, 0, 0, 0, 0, 0, 0, 0, 0, 0, 0, 0, 0, 0, 0, 0, 0, 0, 0, 0, 0, 0, -1/2, 0, -1/2, -1/2, 0, 1/2, 0, 1/2, -1/2, 0, 0, 0, 0, 0, 0, 0, 0, 1/2, 0, 0, 0, 0, 0, 0, 0, 0, 0, 0, 0, 0, 0, 0, 1/2, 0, -1/2, 0, 1, -1/2, 0, 0, 0, 0, 0, 0, 1/2, 0, 0, 0, 0, 0, 1/2, 0, 0, 0, 0, 0, 0, 0, 0, 0, 0, 0, 0, 0, 1/2, 0, -1/2, -1/2, 0, 1/2, 0, 0, 0, 0, 0, 0, 0, 0, 0, 0, 0, 0, 0, -1/2, 0, 0, 0, 0, 0, 0, 0, 0, 0, 0, 0, 0, 0, 0, 0, 0, 0, 0, 0, 0, 0, 0, 0, 0, 0, 0, 0, 0, 0, 0, 0, 0, 0, 0, 0, 0, 0, -1/2, 0, -1/2, 0, 0, -1/2, 0, -1/2, 0, 0, 0, 0, 0, -1/2, 1/2, 0, 0, 0, 0, 0, 0, 0, 0, 0, 0, 0, 0, 0, 0, 0, 0, 0, 0, 0, -1/2, 1/2, 0, 0, 0, 0, 0, 1/2, -1/2, -1/2, 1/2, 0, -1/2, 0, 0, 0, 0, 0, 0, 0, -1/2, 0, 0, 1/2, 0, 0, 0, 0, 1/2, 1/2, 0, 0, 1/2, 0, 0, 0, 0, -1/2, 0, 0, 0, 0, 0, 0, 0, 0, 0, 0, 0, 0, 0, 1/2, 0, 0, 0, 0, 0, 0, 0, 0, 0, 0, 0, 0, 0, 0, 0, 0, 0, 0, 0, 0, 0, 0, 0, 0, 0, 0, 0, 0, 0, 0, 0, 1/2, 0, 0, 1/2, 0, 0, 0, 0, 0, 0, 0, 1/2, 0, 0, 0, -1/2, 0, 0, 0, 1/2, 0, 1/2, 0, 3/2, 0, 0, 0, 0, -1, 0, 1/2, 0, 0, 0, 0, 0, 0, 0, 0, 0, 0, 0, 0, 0, 0, 0, 0, 0, 0, 0, 0, 0, 1/2, 0, 0, 0, 0, 0, 0, 0, -1/2, 0, 0, 0, -1/2, 0, 0, 0, 0, 0, 0, 0, 0, 0, 0, 0, 0, 0, 0, 0, 1/2, 0, 0, 1/2, 1/2, 0, -1, 0, 0, -1, 0, -1, -1/2, 0, 0, -1/2, 0, 0, 0, 0, 0, 0, 0, 0, 0, 1/2, 0, 0, 1/2, 1/2, -1/2, 0, 1/2, 0, 0, 0, 1/2, -1/2, 0, 0, -1/2, 0, 0, 0, 0, 0, -1/2, 0, 0, 0, 0, 0, 0, 0, 0, 0, 0, 1/2, 0, 1/2, 0, 0, -1/2, 0, -3/2, -1/2, -1, 0, 0, 0, 0, 1, 0, 0, 0, -1, 1/2, 0, 0, 0, 0, 0, 0, 0, 0, 0, 0, 0, 0, 0, 0, 0, 0, 0, 1/2, 0, 0, 1/2, 0, 0, 0, -1/2, 0, 0, 0, 0, 0, 0, 0, 0, 0, -1/2, 0, 0, 0, -1/2, 0, 0, 0, 0, 0, 1/2, 0, 0, 0, 0, 0, 0, 0, 1/2, 0, 1/2)",5988,5987,5986,91,-3/8,-124,-1,2
"(4/3, 0, -2/3, 0, 0, -2/3, 0, 0, -4/3, 0, 0, 0, 0, 0, 0, 0, 0, 0, 2/3, 0, 0, 0, 0, 0, 0, 0, 0, 0, 0, 0, 0, 0, 0, 0, 0, 0, 0, 0, 0, 0, 0, 0, 0, 0, 2/3, 4/3, 0, 0, 0, 0, 2/3, 0, 0, 0, -2/3, -2, 0, 0, 0, -2/3, 0, -4/3, 0, 0, 0, 4/3, 0, 0, 0, -2/3, 0, 2/3, 0, -2, 0, 0, 0, 2/3, 0, 0, -4/3, 0, 2/3, 0, 0, 0, 0, 0, 2/3, 0, 0, 0, 0, 0, 2/3, 0, -2/3, 2/3, 0, 0, 0, 0, 0, 0, -2/3, 0, 0, 0, 4/3, 0, 0, 0, 0, 0, 4/3, 0, 0, 0, 0, 0, 0, 0, 0, 0, 0, 0, 0, 0, 0, 0, 0, -2/3, 0, 0, 0, 0, 0, 0, 0, 0, 0, 0, 0, -4/3, -2/3, 0, 0, 0, 0, 0, 0, 0, 0, 0, 0, 0, 0, 0, 0, 0, -4/3, 0, 0, 0, 2/3, 0, 0, 0, 0, 0, 0, 0, 2/3, 0, 0, 2, 0, 0, 0, 0, -2/3, 2/3, 0, 0, 2/3, 0, 0, 0, 0, 0, 0, 0, -2, -2/3, 0, 0, 2/3, -2/3, 0, 0, 0, 0, -2/3, 0, 0, 0, -2/3, 0, 0, 0, 0, 0, 0, 0, 0, 0, 2/3, 0, -2/3, 0, 0, 0, 0, 0, 0, 0, 0, 0, 0, -4/3, 0, 0, 0, 0, 0, 2/3, -2/3, 2/3, -2/3, 0, 0, 0, 0, 0, 0, 2/3, 0, 0, 0, 0, 0, 0, 0, 2/3, 0, 0, 0, 0, 0, 0, 0, 0, 0, 0, 2/3, 0, 0, 0, 0, -2/3, 0, 0, 0, 0, 0, 0, 0, 0, 0, 0, 2/3, 0, 0, 0, 2/3, 0, 2/3, 0, 0, 0, 0, 0, 0, 0, 0, 0, 0, 0, 0, 0, -2/3, 0, 0, 0, 0, 0, 0, 0, 0, 0, 0, 0, 0, 2/3, -2/3, 0, 0, 0, 2/3, 0, 0, 0, 2/3, 0, 0, 0, 0, -4/3, 0, 0, 0, 0, 0, 2/3, 0, 0, 0, 0, 0, 0, -2/3, 0, 2/3, 0, 0, 0, 0, -2/3, -2/3, 0, 0, 0, 0, 0, 0, 0, 0, 0, 0, 0, -2/3, 0, 0, 0, 0, 0, 0, 0, 2/3, 0, 0, 0, 0, 0, 0, 0, 0, 0, 0, 0, 0, 0, 0, 0, 0, 0, 0, 0, 0, 0, 0, 0, 0, 2/3, 2/3, 0, 0, 0, 0, 0, 0, 0, 0, 0, 0, 0, 0, -4/3, 0, 0, 0, 0, 0, 0, 0, 0, 0, 0, 0, 0, 0, 0, 0, 0, 0, -2/3, 0, 2/3, 0, 0, 0, 0, 0, 0, 0, 0, 0, 0, 0, 0, 2/3, -2/3, 0, 0, 0, 0, -2/3, -2/3, 0, 0, 0, 2/3, 0, 0, 0, -2/3, 0, 0, 2/3, 4/3, 0, 0, -2/3, 0, 0, 4/3, 2/3, 0, 0, 0, 0, 0, 0, 0, 0, 2/3, 0, 0, 0, -4/3, -2/3, 0, 0, 0, 0, 0, 0, 0, -2/3, 0, 0, 0, 0, -2/3, -2/3)",6059,6058,6057,91,112/27,-147,-1,2
"(-1/2, 0, 0, 0, 0, 0, 1/2, 0, 0, 0, 0, 0, 0, 0, 0, 0, 1/2, 0, 0, 0, 0, 0, 0, 0, 0, 0, 0, 0, 0, 0, 0, 0, 0, 0, 0, 0, 0, 0, 0, 0, 0, 0, 0, 0, 0, -1/2, 0, 0, 0, 1/2, 0, 0, -1/4, 0, 0, 0, 0, -1/2, 0, 0, 1/2, 0, 0, 0, 0, 0, 0, 0, -1/8, 0, -1/8, 0, 0, 0, 0, 0, 0, 0, 0, 0, 0, 0, 1/4, 0, 0, 0, 0, -1/2, 0, 0, 0, 0, 0, 0, 1/4, 0, 0, 0, -1/4, 0, 0, 0, 0, 0, 0, 0, 0, 1/8, 0, 0, 0, 0, 0, 0, 0, 0, 0, -1/4, 0, 0, 0, 0, 0, 0, 0, 0, 0, 0, 0, 0, 0, 0, -1/4, 0, 1/4, 0, 0, 0, 0, 0, 0, 0, 0, 0, 0, 0, -1/4, 0, 0, 0, 0, 0, 0, 0, 0, 0, 0, 0, 0, 0, 0, 0, -1/2, 0, 0, -1/2, 0, 0, 0, 0, 0, 0, 0, 0, 0, 0, 0, -1/2, 0, 0, -1/2, 0, 0, 0, 0, 0, 0, 0, 1/8, 0, 1/8, 0, 0, 0, 0, 0, 0, 0, 0, 3/4, 0, 0, 1/4, 0, 0, 0, 0, -1/2, 1/4, 0, 0, 0, 0, 0, 0, 0, 0, 0, 0, 0, 0, 0, 0, 0, 0, 0, 0, 0, 0, 0, 0, 0, 0, 0, 0, 0, 0, -1/4, 0, 0, 0, 0, 0, 0, 0, 0, 0, 0, 0, 0, 0, 0, 0, 0, -1/4, 0, 0, 0, 0, 0, 0, 0, 0, 0, 0, 0, 0, 0, 0, 0, 0, 0, 0, 0, 0, 0, 0, 0, 0, 0, 0, 0, -1/2, 0, 0, -1/4, 0, 0, -1/2, 1/8, 0, 3/8, 3/8, 0, 0, 0, 0, 0, 0, 1/8, 0, 0, 0, 0, 0, 0, 0, -1/8, 0, 3/8, 0, 5/8, 0, 0, 0, 0, 1/4, 0, -1/4, -1/2, 0, -3/8, 0, 5/8, 0, 0, 0, 0, 0, 0, 0, 0, -1, 0, 0, -1/4, -1/8, 0, 1, 0, 0, 0, 0, 0, 0, -1/4, 0, 0, 0, 0, 0, 0, 1/4, -1/2, 0, -3/8, 0, -1/4, 0, 0, 0, 0, 0, 0, 0, 0, 1/8, 1/2, 0, -1/2, 0, 0, 1/4, 0, 1/2, 1/4, 1/2, -1/2, 0, -7/8, 0, 0, 0, 0, 0, 0, 0, 0, 0, 0, 0, 0, -1/2, 0, -1, 0, 0, 0, 0, 1/4, 0, 1/4, 0, 0, 0, 0, -1/4, 0, -1/4, -1/4, 0, -1/4, 0, -1/8, 0, 0, 0, 0, 0, 0, 0, 1/2, 1/2, -1/2, 0, 1, 0, 1/4, 0, -1/4, 0, 0, 0, 0, 0, 0, 0, 0, 1/4, 0, 0, 1/4, 0, 1/2, 0, 0, 1/4, 0, -7/8, 0, 0, 0, 0, 0, 0, 0, 0, 0, 0, 0, 0, 0, 0, 0, -1, 0, -1, 0, -7/8, 0, 0, 0, 0, 0, 0, 0, 0, 1/4, 0, 0, 0, 0, 0, 0, -5/8, 0, 0, -1/8, 0, 0, 0, 0, 0, 0, 1/2)",6951,6950,6949,91,-1/2,-2,-1,3
